City_ID,City,Country,Date,Lat,Lng,Max Temp,Humidity,Cloudiness,Wind Speed
0,Iqaluit,CA,2022-04-22 07:57:31,63.7506,-68.5145,2.93,71,20,5.75
1,Alofi,NU,2022-04-22 07:57:31,-19.0595,-169.9187,76.89,94,100,3.44
2,Onega,RU,2022-04-22 07:57:32,63.9061,38.1404,42.53,79,70,5.46
3,Hailar,CN,2022-04-22 07:57:32,49.2,119.7,50.02,26,100,13.09
4,Ushuaia,AR,2022-04-22 07:53:27,-54.8,-68.3,40.66,75,100,3.44
5,Nicoya,CR,2022-04-22 07:53:51,10.1483,-85.452,76.51,80,100,1.12
6,Sitka,US,2022-04-22 07:57:33,57.0531,-135.33,40.3,78,100,1.48
7,Rikitea,PF,2022-04-22 07:57:33,-23.1203,-134.9692,73.26,82,100,12.86
8,Broome,US,2022-04-22 07:57:34,42.2506,-75.833,48.85,87,75,5.99
9,Hermanus,ZA,2022-04-22 07:57:34,-34.4187,19.2345,61.81,72,100,9.69
10,Mildura,AU,2022-04-22 07:57:34,-34.2,142.15,64.36,48,0,8.05
11,Marzuq,YE,2022-04-22 07:57:35,14.4,46.4667,88.07,12,0,4.52
12,Punta Arenas,CL,2022-04-22 07:57:35,-53.15,-70.9167,35.71,93,20,9.22
13,Belmonte,BR,2022-04-22 07:57:36,-15.8631,-38.8828,74.08,81,51,2.68
14,Vredendal,ZA,2022-04-22 07:57:36,-31.6683,18.5012,65.59,65,10,12.53
15,Nikolskoye,RU,2022-04-22 07:57:36,59.7035,30.7861,55.8,58,35,2.53
16,Formosa Do Rio Preto,BR,2022-04-22 07:57:37,-11.0483,-45.1931,69.89,92,99,1.61
17,Atuona,PF,2022-04-22 07:57:37,-9.8,-139.0333,79.14,75,6,18.19
18,Vostok,RU,2022-04-22 07:57:38,46.4856,135.8833,44.8,96,100,2.89
19,Provideniya,RU,2022-04-22 07:57:38,64.3833,-173.3,25.65,81,16,11.63
20,Keffi,NG,2022-04-22 07:57:38,8.8486,7.8736,82.51,64,100,3.09
21,Chapais,CA,2022-04-22 07:57:39,49.7834,-74.8492,33.58,93,100,10.98
22,Aklavik,CA,2022-04-22 07:57:39,68.2191,-135.0107,-4.14,98,12,3.42
23,Yellowknife,CA,2022-04-22 07:53:40,62.456,-114.3525,23.56,68,40,2.3
24,Hilo,US,2022-04-22 07:57:40,19.7297,-155.09,70.25,98,100,1.01
25,Lagoa,PT,2022-04-22 07:57:40,39.05,-27.9833,55.36,70,100,20.4
26,Marsabit,KE,2022-04-22 07:57:41,2.3284,37.9899,74.39,61,66,14.2
27,Bambanglipuro,ID,2022-04-22 07:57:41,-7.95,110.2833,84.4,73,100,7.81
28,Thompson,CA,2022-04-22 07:57:41,55.7435,-97.8558,26.76,54,0,6.91
29,Moose Factory,CA,2022-04-22 07:57:42,51.2585,-80.6094,26.6,74,40,13.8
30,Darnah,LY,2022-04-22 07:57:42,32.767,22.6367,73.02,33,0,20.49
31,Jiangyou,CN,2022-04-22 07:57:43,31.7667,104.7167,77.58,49,98,8.23
32,Georgetown,MY,2022-04-22 07:57:12,5.4112,100.3354,89.55,74,20,9.22
33,Kalamazoo,US,2022-04-22 07:57:43,42.2506,-85.55,43.16,79,0,6.38
34,Qaanaaq,GL,2022-04-22 07:57:44,77.484,-69.3632,-5.15,65,87,3.74
35,Codrington,AU,2022-04-22 07:57:44,-38.2667,141.9667,54.93,62,8,11.59
36,Upernavik,GL,2022-04-22 07:57:44,72.7868,-56.1549,16.25,89,100,2.28
37,Cape Town,ZA,2022-04-22 07:57:45,-33.9258,18.4232,65.1,68,75,10.36
38,Innisfail,AU,2022-04-22 07:53:36,-17.5333,146.0333,75.4,92,100,14.65
39,Dalby,AU,2022-04-22 07:57:45,-27.1833,151.2667,74.98,43,100,3.0
40,Butaritari,KI,2022-04-22 07:57:46,3.0707,172.7902,82.13,80,22,18.07
41,Port Elizabeth,ZA,2022-04-22 07:57:46,-33.918,25.5701,68.09,78,20,21.85
42,Porto Velho,BR,2022-04-22 07:57:47,-8.7619,-63.9039,75.25,94,20,2.3
43,New Norfolk,AU,2022-04-22 07:57:47,-42.7826,147.0587,56.91,43,32,2.64
44,Lebanon,US,2022-04-22 07:54:48,36.2081,-86.2911,64.96,80,100,4.0
45,Pevek,RU,2022-04-22 07:58:47,69.7008,170.3133,11.32,97,8,3.13
46,Jamestown,US,2022-04-22 07:58:48,42.097,-79.2353,44.02,82,9,3.0
47,Ucluelet,CA,2022-04-22 07:58:48,48.9329,-125.5528,46.09,91,90,6.04
48,Tocopilla,CL,2022-04-22 07:58:49,-22.092,-70.1979,63.79,80,42,5.57
49,Arraial Do Cabo,BR,2022-04-22 07:58:49,-22.9661,-42.0278,71.92,85,9,12.28
50,Torbay,CA,2022-04-22 07:58:49,47.6666,-52.7314,30.58,87,40,5.75
51,Bangassou,CF,2022-04-22 07:58:50,4.7413,22.8184,77.02,78,100,4.61
52,Ryazhsk,RU,2022-04-22 07:58:50,53.7038,40.1109,46.72,87,100,6.08
53,Bluff,NZ,2022-04-22 07:58:51,-46.6,168.3333,50.81,74,100,23.24
54,Windhoek,NA,2022-04-22 07:58:51,-22.5594,17.0832,65.1,49,0,3.44
55,Kapaa,US,2022-04-22 07:58:51,22.0752,-159.319,72.12,86,100,1.99
56,Buraydah,SA,2022-04-22 07:58:52,26.326,43.975,81.05,16,0,11.68
57,Mataura,NZ,2022-04-22 07:58:52,-46.1927,168.8643,50.49,95,100,8.48
58,Jumla,NP,2022-04-22 07:58:52,29.2747,82.1838,67.01,37,72,6.73
59,Albany,US,2022-04-22 07:58:53,42.6001,-73.9662,48.72,78,50,1.01
60,Adrar,MR,2022-04-22 07:58:53,20.5022,-10.0711,69.08,23,50,9.66
61,Bakchar,RU,2022-04-22 07:58:54,57.0186,82.0711,24.39,70,100,14.85
62,Belle Glade,US,2022-04-22 07:58:54,26.6845,-80.6676,75.06,68,49,12.86
63,Mahajanga,MG,2022-04-22 07:57:05,-15.7167,46.3167,84.22,70,40,5.75
64,Northam,GB,2022-04-22 07:58:55,51.0333,-4.2167,47.66,80,98,19.53
65,Naze,JP,2022-04-22 07:58:55,28.3667,129.4833,70.72,86,100,2.48
66,Killybegs,IE,2022-04-22 07:58:55,54.6333,-8.45,47.91,72,19,11.7
67,Nosy Varika,MG,2022-04-22 07:58:56,-20.5833,48.5333,79.65,77,86,5.73
68,Deputatskiy,RU,2022-04-22 07:58:56,69.3,139.9,15.58,92,99,3.44
69,Lavrentiya,RU,2022-04-22 07:58:57,65.5833,-171.0,16.7,89,5,7.29
70,Tasiilaq,GL,2022-04-22 07:58:54,65.6145,-37.6368,32.45,96,100,13.38
71,Olinda,BR,2022-04-22 07:58:57,-8.0089,-34.8553,74.93,94,20,2.3
72,Hithadhoo,MV,2022-04-22 07:58:58,-0.6,73.0833,84.94,66,39,8.68
73,Gazli,UZ,2022-04-22 07:58:58,40.1333,63.45,80.92,25,98,6.29
74,Kuusamo,FI,2022-04-22 07:58:58,65.9667,29.1833,41.04,65,20,12.66
75,Busselton,AU,2022-04-22 07:58:59,-33.65,115.3333,74.08,37,0,10.38
76,Kaitangata,NZ,2022-04-22 07:57:56,-46.2817,169.8464,48.27,90,99,13.02
77,Nurota,UZ,2022-04-22 07:58:59,40.5614,65.6886,76.73,28,0,2.35
78,Lebu,CL,2022-04-22 07:59:00,-37.6167,-73.65,53.78,95,100,2.91
79,Coihaique,CL,2022-04-22 07:57:04,-45.5752,-72.0662,41.61,97,91,6.13
80,Talaya,RU,2022-04-22 07:59:00,61.3833,152.75,20.48,83,100,1.21
81,Husavik,IS,2022-04-22 07:58:37,66.0449,-17.3389,42.42,72,5,9.22
82,Methoni,GR,2022-04-22 07:59:01,36.8197,21.7049,69.22,63,30,27.36
83,Mandan,US,2022-04-22 07:59:01,46.8267,-100.8896,36.95,93,100,19.57
84,Coquimbo,CL,2022-04-22 07:59:01,-29.9533,-71.3436,53.33,100,0,1.14
85,East London,ZA,2022-04-22 07:59:02,-33.0153,27.9116,67.14,88,75,10.36
86,Lasa,IT,2022-04-22 07:59:02,46.6166,10.7002,51.66,76,92,1.1
87,Tiksi,RU,2022-04-22 07:57:45,71.6872,128.8694,21.18,92,100,7.74
88,Port Alfred,ZA,2022-04-22 07:54:58,-33.5906,26.891,67.17,81,96,8.01
89,Laguna,US,2022-04-22 07:58:27,38.421,-121.4238,51.94,87,40,6.91
90,Talnakh,RU,2022-04-22 07:59:03,69.4865,88.3972,20.21,79,100,3.0
91,Atambua,ID,2022-04-22 07:59:03,-9.1061,124.8925,81.79,66,95,3.04
92,Nanortalik,GL,2022-04-22 07:59:04,60.1432,-45.2371,33.57,96,100,5.14
93,Mar Del Plata,AR,2022-04-22 08:00:05,-38.0023,-57.5575,55.87,79,100,8.01
94,Bafia,CM,2022-04-22 08:00:07,4.75,11.2333,77.65,79,100,0.6
95,Katsuura,JP,2022-04-22 08:00:08,35.1333,140.3,71.62,76,0,17.11
96,Santa Maria Del Oro,MX,2022-04-22 08:00:09,25.9333,-105.3667,64.22,33,3,1.72
97,Ugoofaaru,MV,2022-04-22 08:00:10,5.6667,73.0,83.71,73,100,4.9
98,Orbetello,IT,2022-04-22 08:00:11,42.4408,11.2196,57.63,72,100,7.94
99,Puerto Ayora,EC,2022-04-22 08:00:19,-0.7393,-90.3518,71.49,93,16,6.93
100,Kodiak,US,2022-04-22 07:58:56,57.79,-152.4072,37.63,98,100,25.39
101,Bambous Virieux,MU,2022-04-22 08:00:22,-20.3428,57.7575,83.21,72,24,14.88
102,Hobart,AU,2022-04-22 08:00:30,-42.8794,147.3294,57.06,61,75,8.05
103,Ilulissat,GL,2022-04-22 08:00:39,69.2167,-51.1,30.22,86,75,13.8
104,Yar-Sale,RU,2022-04-22 08:00:46,66.8333,70.8333,9.03,89,100,15.46
105,Launceston,AU,2022-04-22 08:00:47,-41.45,147.1667,56.16,62,28,4.61
106,Lompoc,US,2022-04-22 08:00:05,34.6391,-120.4579,52.79,89,75,8.01
107,Beaverlodge,CA,2022-04-22 08:00:51,55.2166,-119.4361,30.43,85,26,1.86
108,Rincon,US,2022-04-22 08:00:07,32.296,-81.2354,66.85,95,0,2.89
109,Chokurdakh,RU,2022-04-22 08:00:55,70.6333,147.9167,14.97,95,100,5.01
110,Quelimane,MZ,2022-04-22 08:00:59,-17.8786,36.8883,80.49,83,68,5.39
111,Ayia Galini,GR,2022-04-22 08:01:00,35.1,24.6833,73.38,77,0,1.99
112,Norman Wells,CA,2022-04-22 08:01:00,65.282,-126.8329,15.53,98,99,1.25
113,Malanje,AO,2022-04-22 08:01:01,-9.5402,16.341,70.95,75,94,6.22
114,Dikson,RU,2022-04-22 08:01:01,73.5069,80.5464,9.59,91,100,13.02
115,Villa Maria,AR,2022-04-22 08:01:02,-32.4075,-63.2402,58.82,94,100,3.49
116,Jaen,ES,2022-04-22 08:01:02,38.0,-3.5,56.28,64,100,4.16
117,Leningradskiy,RU,2022-04-22 08:01:03,69.3833,178.4167,17.29,95,100,1.32
118,Chaihe,CN,2022-04-22 08:01:03,44.7667,129.7,43.7,59,100,16.02
119,Angoram,PG,2022-04-22 08:01:04,-4.0625,144.0661,79.14,89,100,3.74
120,Garissa,KE,2022-04-22 08:01:04,-0.4536,39.6401,86.88,55,100,8.86
121,Kahului,US,2022-04-22 07:59:15,20.8947,-156.47,75.85,85,100,7.0
122,Phalombe,MW,2022-04-22 08:01:05,-15.8064,35.6507,75.97,68,93,3.98
123,Sterling,US,2022-04-22 08:01:05,39.0062,-77.4286,54.16,88,0,0.0
124,Yulara,AU,2022-04-22 07:59:25,-25.2406,130.9889,80.44,14,0,16.11
125,Narsaq,GL,2022-04-22 07:58:12,60.9167,-46.05,33.4,90,100,1.7
126,College,US,2022-04-22 08:01:06,64.8569,-147.8028,25.47,91,3,5.75
127,Bredasdorp,ZA,2022-04-22 08:01:06,-34.5322,20.0403,62.51,63,100,12.59
128,Genhe,CN,2022-04-22 08:01:07,50.7833,121.5167,43.68,34,100,9.89
129,Mnogovershinnyy,RU,2022-04-22 08:01:07,53.9353,139.9242,26.8,89,100,5.35
130,Yaan,NG,2022-04-22 08:01:07,7.3833,8.5667,83.84,65,72,6.85
131,Mtimbira,TZ,2022-04-22 08:01:08,-8.7833,36.35,82.71,69,32,2.89
132,Saint-Pierre,RE,2022-04-22 08:01:08,-21.3393,55.4781,83.88,71,75,25.32
133,Kavaratti,IN,2022-04-22 07:58:30,10.5669,72.642,85.53,65,50,1.9
134,Berbera,SO,2022-04-22 08:01:09,10.4396,45.0143,88.61,60,97,11.43
135,Baykalovo,RU,2022-04-22 08:01:09,57.3981,63.7684,40.53,41,100,13.27
136,Mahebourg,MU,2022-04-22 08:01:10,-20.4081,57.7,83.25,69,75,14.97
137,Syracuse,IT,2022-04-22 07:59:32,37.0881,15.2792,63.77,52,4,12.73
138,Itaituba,BR,2022-04-22 08:02:10,-4.2761,-55.9836,72.16,100,100,1.57
139,Krasnoselkup,RU,2022-04-22 08:02:11,65.7,82.4667,19.06,78,88,13.69
140,Carnarvon,AU,2022-04-22 07:58:15,-24.8667,113.6333,82.47,51,0,13.8
141,Saint-Joseph,RE,2022-04-22 08:02:11,-21.3667,55.6167,82.78,80,35,12.75
142,Ozinki,RU,2022-04-22 08:02:12,51.1786,49.6769,48.79,71,100,9.19
143,Alugan,PH,2022-04-22 08:02:12,12.2188,125.4808,82.33,81,95,9.33
144,Bataipora,BR,2022-04-22 08:02:13,-22.2953,-53.2711,68.18,65,68,4.07
145,Gorontalo,ID,2022-04-22 08:02:13,0.5412,123.0595,83.14,87,99,2.13
146,Pisco,PE,2022-04-22 08:02:14,-13.7,-76.2167,63.01,92,99,4.61
147,Najran,SA,2022-04-22 08:02:14,17.4924,44.1277,89.06,11,100,7.34
148,Kalaleh,IR,2022-04-22 08:02:14,37.3807,55.4916,69.78,60,57,11.16
149,Souillac,MU,2022-04-22 08:02:15,-20.5167,57.5167,82.78,69,75,14.97
150,Salalah,OM,2022-04-22 08:02:15,17.0151,54.0924,88.0,56,15,15.84
151,Fairbanks,US,2022-04-22 08:02:15,64.8378,-147.7164,25.48,91,2,5.68
152,Faanui,PF,2022-04-22 07:59:12,-16.4833,-151.75,79.21,80,100,15.05
153,Saskylakh,RU,2022-04-22 08:02:16,71.9167,114.0833,15.37,90,100,9.44
154,Longyearbyen,SJ,2022-04-22 08:01:53,78.2186,15.6401,28.24,80,100,18.41
155,Grindavik,IS,2022-04-22 08:02:17,63.8424,-22.4338,45.07,87,75,16.11
156,Broken Hill,AU,2022-04-22 08:02:17,-31.95,141.4333,63.73,42,2,12.44
157,Kenai,US,2022-04-22 08:02:00,60.5544,-151.2583,40.08,63,100,6.93
158,Maniitsoq,GL,2022-04-22 08:02:17,65.4167,-52.9,25.39,95,100,6.62
159,Vestmannaeyjar,IS,2022-04-22 08:02:18,63.4427,-20.2734,45.59,87,75,25.32
160,Changji,CN,2022-04-22 08:02:18,44.0167,87.3167,75.99,15,0,6.71
161,Dorogobuzh,RU,2022-04-22 08:02:19,54.915,33.2972,49.98,65,4,6.38
162,Palana,RU,2022-04-22 08:02:19,59.1167,159.9667,20.41,86,96,2.57
163,Kaohsiung,TW,2022-04-22 08:00:08,22.6163,120.3133,85.95,78,75,11.99
164,Nouakchott,MR,2022-04-22 08:02:20,18.0858,-15.9785,66.13,34,37,11.25
165,Batticaloa,LK,2022-04-22 08:02:20,7.7102,81.6924,85.82,69,82,7.0
166,Luis Correia,BR,2022-04-22 08:02:21,-2.8792,-41.6669,75.56,91,84,8.39
167,Sao Filipe,CV,2022-04-22 08:02:21,14.8961,-24.4956,72.16,80,70,6.82
168,Tomatlan,MX,2022-04-22 08:02:21,19.9333,-105.25,66.4,88,2,2.33
169,Carauari,BR,2022-04-22 07:59:25,-4.8828,-66.8958,69.1,99,56,0.58
170,Faya,SA,2022-04-22 08:02:22,18.3851,42.4509,75.04,22,13,4.36
171,Edson,CA,2022-04-22 08:01:35,53.5835,-116.4356,27.12,97,62,1.59
172,Sioux Lookout,CA,2022-04-22 08:00:11,50.1001,-91.917,16.23,99,100,4.12
173,Qasigiannguit,GL,2022-04-22 07:59:23,68.8193,-51.1922,22.64,91,100,10.45
174,Port Blair,IN,2022-04-22 08:02:23,11.6667,92.75,89.64,66,20,6.91
175,Hambantota,LK,2022-04-22 08:02:23,6.1241,81.1185,80.94,89,75,11.5
176,Maceio,BR,2022-04-22 07:59:19,-9.6658,-35.7353,74.64,94,100,4.61
177,Meulaboh,ID,2022-04-22 08:02:24,4.1363,96.1285,85.03,69,100,8.95
178,Carnaiba,BR,2022-04-22 08:02:24,-8.7,-37.6667,70.65,92,89,7.81
179,Bethel,US,2022-04-22 08:02:25,41.3712,-73.414,49.62,83,27,3.0
180,Airai,TL,2022-04-22 07:58:01,-8.9266,125.4092,68.4,68,100,4.18
181,Barsovo,RU,2022-04-22 08:02:25,61.1667,73.1667,15.93,77,100,14.63
182,Ergani,TR,2022-04-22 08:03:25,38.2653,39.7621,68.4,23,39,8.46
183,Mana,GF,2022-04-22 08:03:26,5.6592,-53.7767,74.16,92,100,2.33
184,Farafangana,MG,2022-04-22 08:03:26,-22.8167,47.8333,78.64,80,60,6.58
185,Makakilo City,US,2022-04-22 08:03:04,21.3469,-158.0858,73.18,79,100,0.0
186,Hutchinson,US,2022-04-22 08:01:11,38.0608,-97.9298,71.74,81,100,25.32
187,Lamu,KE,2022-04-22 08:03:27,-2.2717,40.902,88.02,79,100,4.18
188,Necochea,AR,2022-04-22 08:00:07,-38.5473,-58.7368,59.29,48,93,20.89
189,Saint-Philippe,RE,2022-04-22 08:03:28,-21.3585,55.7679,83.79,82,34,12.41
190,Lynn Haven,US,2022-04-22 08:03:28,30.2455,-85.6483,65.98,81,0,3.44
191,Haines Junction,CA,2022-04-22 08:03:29,60.7522,-137.5108,23.4,93,7,3.33
192,Muros,ES,2022-04-22 07:58:48,42.7762,-9.0603,48.69,93,100,5.84
193,Fredericksburg,US,2022-04-22 08:00:01,38.3032,-77.4605,55.31,84,40,0.0
194,Marienburg,PL,2022-04-22 08:03:30,54.0359,19.0266,55.87,66,91,12.59
195,Mitu,CO,2022-04-22 08:00:05,1.1983,-70.1733,70.74,100,100,1.01
196,Havre-Saint-Pierre,CA,2022-04-22 08:03:31,50.2334,-63.5986,32.36,100,100,9.22
197,Strasice,CZ,2022-04-22 08:03:31,49.7355,13.7576,48.43,80,52,12.17
198,Tuktoyaktuk,CA,2022-04-22 08:03:31,69.4541,-133.0374,-0.94,94,6,10.27
199,Octeville,FR,2022-04-22 08:03:32,49.6261,-1.6435,52.29,82,75,17.27
200,Khatanga,RU,2022-04-22 08:03:32,71.9667,102.5,18.1,84,95,12.59
201,Taltal,CL,2022-04-22 08:01:05,-25.4,-70.4833,62.19,85,37,0.54
202,Ponta Do Sol,PT,2022-04-22 08:03:33,32.6667,-17.1,65.01,77,60,16.51
203,Victoria,HK,2022-04-22 08:01:15,22.2855,114.1577,84.25,83,43,5.01
204,Cidreira,BR,2022-04-22 08:03:33,-30.1811,-50.2056,64.63,82,0,6.38
205,Saint-Georges,GD,2022-04-22 08:03:34,12.0564,-61.7485,75.63,81,86,11.39
206,Rundu,NA,2022-04-22 08:03:34,-17.9333,19.7667,71.17,45,0,6.46
207,Vaini,TO,2022-04-22 08:03:34,-21.2,-175.2,73.56,100,20,2.3
208,Barrow,US,2022-04-22 08:03:35,71.2906,-156.7887,3.22,85,0,18.41
209,Jining,CN,2022-04-22 08:03:35,35.405,116.5814,77.83,24,68,12.26
210,Chimbote,PE,2022-04-22 08:03:35,-9.0853,-78.5783,64.67,94,92,6.15
211,Surt,LY,2022-04-22 08:03:36,31.2089,16.5887,67.35,72,70,16.15
212,Lazaro Cardenas,MX,2022-04-22 08:03:27,17.9583,-102.2,74.25,87,29,2.71
213,Muriwai Beach,NZ,2022-04-22 08:03:36,-36.8167,174.45,62.35,71,13,20.94
214,Magdagachi,RU,2022-04-22 08:03:37,53.45,125.8,44.47,22,100,8.32
215,Hovd,MN,2022-04-22 08:03:37,48.0056,91.6419,59.22,24,98,35.43
216,Dengzhou,CN,2022-04-22 08:03:37,37.8086,120.7508,51.06,61,100,6.51
217,Cap Malheureux,MU,2022-04-22 08:03:38,-19.9842,57.6142,83.46,71,92,8.99
218,Barra,BR,2022-04-22 08:03:38,-11.0894,-43.1417,71.65,75,33,3.74
219,Chaman,PK,2022-04-22 08:03:39,30.9236,66.4512,81.09,9,2,9.42
220,Vardo,NO,2022-04-22 08:03:39,70.3705,31.1107,39.18,87,75,12.66
221,Hamilton,US,2022-04-22 08:00:01,39.1834,-84.5333,52.93,95,100,0.0
222,Namibe,AO,2022-04-22 08:03:39,-15.1961,12.1522,78.8,62,80,1.01
223,Ornskoldsvik,SE,2022-04-22 08:03:40,63.2909,18.7153,47.35,57,78,9.22
224,Chuy,UY,2022-04-22 08:04:40,-33.6971,-53.4616,53.13,83,67,2.3
225,Luganville,VU,2022-04-22 08:04:41,-15.5333,167.1667,80.37,82,94,5.75
226,Turayf,SA,2022-04-22 08:04:41,31.6725,38.6637,76.33,18,100,10.0
227,Vidim,RU,2022-04-22 08:04:41,56.4088,103.1106,41.97,61,100,8.75
228,Sakakah,SA,2022-04-22 08:03:09,29.9697,40.2064,82.98,12,68,12.12
229,Nehe,CN,2022-04-22 08:04:42,48.4833,124.8333,58.51,14,100,10.13
230,Rio Grande,BR,2022-04-22 08:04:42,-32.035,-52.0986,61.59,80,40,5.68
231,Diplo,PK,2022-04-22 08:04:43,24.4667,69.584,101.7,19,4,18.01
232,Batemans Bay,AU,2022-04-22 08:04:43,-35.7167,150.1833,62.1,77,66,3.29
233,Dutse,NG,2022-04-22 08:04:43,11.7594,9.3392,90.21,41,100,13.29
234,Rio Claro,BR,2022-04-22 08:02:51,-22.4114,-47.5614,65.39,78,0,2.55
235,Palmer,US,2022-04-22 08:04:44,42.1584,-72.3287,48.38,79,0,4.61
236,Victor Harbor,AU,2022-04-22 08:04:44,-35.5667,138.6167,59.0,65,29,1.99
237,Lorengau,PG,2022-04-22 08:04:45,-2.0226,147.2712,83.39,73,100,8.79
238,Asekeyevo,RU,2022-04-22 08:04:45,53.5742,52.7972,52.09,48,95,13.24
239,Khani,GE,2022-04-22 08:04:45,41.9563,42.9566,51.37,57,20,3.44
240,Ribeira Grande,PT,2022-04-22 08:04:46,38.5167,-28.7,57.6,58,75,9.22
241,Sistranda,NO,2022-04-22 08:04:46,63.7256,8.834,44.56,74,93,21.43
242,Tias,ES,2022-04-22 08:04:47,28.9611,-13.645,58.68,77,20,2.3
243,Rosarito,MX,2022-04-22 08:04:47,32.3333,-117.0333,60.48,89,29,4.7
244,Samur,RU,2022-04-22 08:04:47,41.8253,48.486,61.23,56,60,8.57
245,Gubbi,IN,2022-04-22 08:04:48,13.3106,76.9444,97.59,15,9,10.18
246,Lubyany,RU,2022-04-22 08:04:48,56.0378,51.4,42.91,49,3,9.28
247,Clyde River,CA,2022-04-22 08:04:48,70.4692,-68.5914,-7.37,84,75,3.44
248,Itacoatiara,BR,2022-04-22 08:02:38,-3.1431,-58.4442,72.5,99,100,1.63
249,Fare,PF,2022-04-22 08:04:49,-16.7,-151.0167,78.98,81,100,17.16
250,Abha,SA,2022-04-22 08:04:49,18.2164,42.5053,79.05,18,0,6.91
251,Podor,MR,2022-04-22 08:04:50,16.6527,-14.9587,82.83,11,6,13.71
252,Baker City,US,2022-04-22 08:04:50,44.7749,-117.8344,32.59,91,0,5.75
253,Constitucion,CL,2022-04-22 08:04:50,-35.3333,-72.4167,52.2,92,100,9.28
254,Luanda,AO,2022-04-22 08:04:51,-8.8368,13.2343,77.92,82,87,4.09
255,Luderitz,NA,2022-04-22 08:04:51,-26.6481,15.1594,70.68,53,1,14.2
256,Cairns,AU,2022-04-22 08:01:06,-16.9167,145.7667,78.06,97,100,17.27
257,Guilin,CN,2022-04-22 08:04:52,25.2819,110.2864,72.73,89,100,2.64
258,Ulaangom,MN,2022-04-22 08:04:52,49.9811,92.0667,52.66,41,100,14.52
259,Churapcha,RU,2022-04-22 08:04:53,62.0025,132.4325,31.84,64,100,1.34
260,Lincoln,US,2022-04-22 08:04:53,40.8,-96.667,63.18,68,75,13.8
261,Shitanjing,CN,2022-04-22 08:04:53,39.2342,106.3439,69.51,9,0,16.96
262,Asau,RO,2022-04-22 08:04:54,46.4333,26.4,47.32,44,100,4.18
263,Grand Bank,CA,2022-04-22 08:04:54,47.0999,-55.765,32.99,78,100,7.2
264,Avarua,CK,2022-04-22 08:04:55,-21.2078,-159.775,78.85,61,20,16.11
265,Ahipara,NZ,2022-04-22 08:04:55,-35.1667,173.1667,62.28,62,68,20.22
266,Qobustan,AZ,2022-04-22 08:04:55,40.0824,49.412,65.48,44,6,18.7
267,Avera,US,2022-04-22 08:04:56,33.194,-82.5271,55.38,91,10,3.62
268,Talakan,RU,2022-04-22 08:04:56,50.3167,130.3667,47.34,32,100,7.58
269,Wiener Neustadt,AT,2022-04-22 08:04:56,47.8,16.25,50.83,80,100,4.52
270,Itupiranga,BR,2022-04-22 08:04:57,-5.1347,-49.3267,73.72,98,66,0.34
271,Rawson,AR,2022-04-22 08:05:57,-43.3002,-65.1023,51.62,63,100,30.98
272,Gunjur,GM,2022-04-22 08:05:58,13.2019,-16.7339,73.47,64,0,6.91
273,Mon,IN,2022-04-22 08:05:58,26.75,95.1,79.52,62,14,2.71
274,Tsogni,GA,2022-04-22 08:05:58,-2.7942,10.0988,78.8,86,100,5.66
275,Evensk,RU,2022-04-22 08:05:59,61.95,159.2333,22.98,78,100,5.08
276,Gorom-Gorom,BF,2022-04-22 08:05:59,14.4439,-0.2361,89.02,9,99,8.23
277,Mukerian,IN,2022-04-22 08:05:59,31.9506,75.6158,99.3,13,0,9.24
278,Kendari,ID,2022-04-22 08:06:00,-3.945,122.4989,87.28,61,79,4.74
279,Berlevag,NO,2022-04-22 08:06:00,70.8578,29.0864,39.15,87,75,14.97
280,Hammerfest,NO,2022-04-22 08:06:01,70.6634,23.6821,37.85,93,75,5.75
281,Ormara,PK,2022-04-22 08:06:01,25.2088,64.6357,81.84,69,0,15.37
282,Dingle,PH,2022-04-22 08:06:01,10.9995,122.6711,85.73,68,44,11.74
283,Kaifeng,CN,2022-04-22 08:06:02,34.7911,114.3483,76.51,26,78,14.9
284,Ancud,CL,2022-04-22 08:06:02,-41.8697,-73.8203,50.23,90,100,9.44
285,Tiruchchendur,IN,2022-04-22 08:02:43,8.4833,78.1167,87.64,64,84,12.5
286,Pavlodar,KZ,2022-04-22 08:06:03,52.3,76.95,37.2,48,75,20.13
287,Belaya Gora,RU,2022-04-22 08:06:03,68.5333,146.4167,22.82,86,99,6.55
288,Galdar,ES,2022-04-22 08:06:03,28.147,-15.6502,63.36,64,54,9.22
289,Dharchula,IN,2022-04-22 08:06:04,29.85,80.5333,85.51,22,40,8.97
290,Severo-Kurilsk,RU,2022-04-22 08:06:04,50.6789,156.125,37.6,92,100,5.73
291,Ellisras,ZA,2022-04-22 08:06:05,-23.6649,27.7443,70.63,59,81,1.48
292,Yarmouth,US,2022-04-22 08:06:05,41.7057,-70.2286,51.01,86,0,10.36
293,Timaru,NZ,2022-04-22 08:06:05,-44.4,171.25,49.06,76,70,5.66
294,Mataram,ID,2022-04-22 08:06:06,-8.5833,116.1167,88.61,76,95,8.3
295,Tadine,NC,2022-04-22 08:06:06,-21.55,167.8833,74.12,70,0,9.26
296,Talcahuano,CL,2022-04-22 08:06:07,-36.7167,-73.1167,53.28,100,100,9.22
297,Komsomolskiy,UZ,2022-04-22 08:06:07,40.4272,71.7189,74.12,38,100,4.61
298,Jijiang,CN,2022-04-22 08:06:08,29.2906,106.2542,76.91,61,94,5.7
299,Nikel,RU,2022-04-22 08:06:08,69.4128,30.222,39.38,99,100,12.44
300,South Lake Tahoe,US,2022-04-22 08:01:10,38.9332,-119.9844,33.69,85,100,6.91
301,Puerto Escondido,MX,2022-04-22 08:06:09,15.85,-97.0667,79.65,78,37,2.8
302,Rantauprapat,ID,2022-04-22 08:06:09,2.1,99.8333,89.78,61,100,3.71
303,Vizinga,RU,2022-04-22 08:06:09,61.0749,50.1031,42.57,57,15,3.15
304,Okhotsk,RU,2022-04-22 08:06:10,59.3833,143.3,28.58,83,100,2.17
305,Baruun-Urt,MN,2022-04-22 08:06:10,46.6806,113.2792,55.74,16,18,17.63
306,Kanth,IN,2022-04-22 08:06:11,29.0667,78.6333,102.7,11,0,10.87
307,Sao Gabriel Da Cachoeira,BR,2022-04-22 08:06:11,-0.1303,-67.0892,70.65,99,83,1.14
308,Riyadh,SA,2022-04-22 08:01:15,24.6877,46.7219,86.14,15,100,7.02
309,Takoradi,GH,2022-04-22 08:06:12,4.8845,-1.7554,80.31,83,74,5.95
310,Cozumel,MX,2022-04-22 08:02:54,20.5083,-86.9458,73.94,88,0,13.06
311,Bengkulu,ID,2022-04-22 08:06:12,-3.8004,102.2655,85.87,68,99,9.42
312,Gat,IL,2022-04-22 08:06:12,31.61,34.7642,81.39,36,99,7.87
313,Port Lincoln,AU,2022-04-22 08:06:13,-34.7333,135.8667,62.46,60,69,13.58
314,Buala,SB,2022-04-22 08:06:13,-8.145,159.5921,80.47,83,69,3.0
315,Bloomingdale,US,2022-04-22 08:06:14,27.8936,-82.2404,68.86,85,75,5.75
316,Karanja,IN,2022-04-22 08:06:14,20.4833,77.4833,101.21,15,1,6.6
317,Otane,NZ,2022-04-22 08:07:14,-39.8833,176.6333,57.0,84,32,10.85
318,Gizo,SB,2022-04-22 08:07:15,-8.103,156.8419,83.37,73,100,3.94
319,Kailua,US,2022-04-22 08:07:15,21.4022,-157.7394,75.18,77,75,12.66
320,Diamantino,BR,2022-04-22 08:07:16,-14.4086,-56.4461,71.82,84,83,4.0
321,Alice Springs,AU,2022-04-22 08:07:16,-23.7,133.8833,74.75,32,0,13.8
322,Lata,PT,2022-04-22 08:07:16,40.1629,-8.3327,49.08,91,100,6.82
323,Palasa,IN,2022-04-22 08:07:17,18.7667,84.4167,94.51,49,9,19.69
324,Porto Seguro,BR,2022-04-22 08:04:38,-16.4497,-39.0647,70.32,94,40,5.75
325,Mehamn,NO,2022-04-22 08:07:17,71.0357,27.8492,39.11,96,100,16.96
326,Kupang,ID,2022-04-22 08:07:18,-10.1667,123.5833,85.15,69,100,10.67
327,Honningsvag,NO,2022-04-22 08:07:18,70.9821,25.9704,38.95,81,75,12.66
328,Castro,BR,2022-04-22 08:07:18,-24.7911,-50.0119,55.45,97,75,1.1
329,Finote Selam,ET,2022-04-22 08:07:19,10.7,37.2667,78.85,39,72,3.6
330,Kloulklubed,PW,2022-04-22 08:07:19,7.0419,134.2556,83.01,78,100,14.94
331,Coffs Harbour,AU,2022-04-22 08:07:20,-30.3,153.1333,65.14,94,100,12.66
332,Soyo,AO,2022-04-22 08:07:20,-6.1349,12.3689,81.09,76,92,2.75
333,Hanna,CA,2022-04-22 08:07:20,51.6334,-111.9018,28.85,87,67,5.01
334,Ixtapa,MX,2022-04-22 08:07:21,20.7,-105.2,74.23,85,10,3.0
335,Asilah,MA,2022-04-22 08:07:21,35.465,-6.0348,55.36,76,97,19.73
336,Tromso,NO,2022-04-22 08:04:00,69.6496,18.957,40.37,87,75,4.61
337,Lubumbashi,CD,2022-04-22 08:07:22,-11.6609,27.4794,67.15,83,97,6.13
338,Apostolove,UA,2022-04-22 08:07:22,47.66,33.7137,54.48,56,77,11.41
339,Cabo San Lucas,MX,2022-04-22 08:07:22,22.8909,-109.9124,71.51,73,4,10.6
340,Srednekolymsk,RU,2022-04-22 08:07:23,67.45,153.6833,25.74,91,100,6.29
341,Kodinsk,RU,2022-04-22 08:07:23,58.6881,99.1844,39.88,78,100,7.25
342,San Cristobal,VE,2022-04-22 08:05:42,7.7669,-72.225,65.14,93,100,2.04
343,Vranov,CZ,2022-04-22 08:07:24,48.8947,15.8127,49.68,73,100,12.28
344,Mirnyy,RU,2022-04-22 08:07:24,62.5353,113.9611,28.24,74,100,1.99
345,Porto Novo,BJ,2022-04-22 08:07:24,6.4965,2.6036,84.16,72,100,8.39
346,Port Hardy,CA,2022-04-22 08:07:25,50.6996,-127.4199,44.94,85,83,1.43
347,Touros,BR,2022-04-22 08:07:25,-5.1989,-35.4608,74.95,93,91,8.7
348,Saldanha,ZA,2022-04-22 08:07:26,-33.0117,17.9442,60.48,75,92,20.33
349,Thessalon,CA,2022-04-22 08:07:26,46.2501,-83.5666,32.29,91,100,4.54
350,Habay,BE,2022-04-22 08:07:26,49.731,5.6175,50.59,79,1,13.49
351,Azul,AR,2022-04-22 08:07:27,-36.777,-59.8585,55.35,49,100,9.82
352,Los Llanos De Aridane,ES,2022-04-22 08:07:27,28.6585,-17.9182,60.55,72,75,4.61
353,Bairiki,KI,2022-04-22 08:07:27,1.3292,172.9752,80.6,89,40,10.36
354,Murdochville,CA,2022-04-22 08:07:28,48.9583,-65.5006,31.46,97,100,9.71
355,Bereda,ES,2022-04-22 08:07:28,43.2686,-7.5406,47.41,99,60,5.28
356,Arlit,NE,2022-04-22 08:07:29,18.7369,7.3853,90.93,7,6,5.23
357,Meadow Lake,US,2022-04-22 08:02:53,34.8014,-106.5436,64.17,20,2,3.62
358,Kongolo,CD,2022-04-22 08:07:29,-5.3833,27.0,81.3,66,19,3.67
359,Tres Lagoas,BR,2022-04-22 08:07:30,-20.7511,-51.6783,66.88,62,0,4.76
360,Nome,US,2022-04-22 08:05:48,64.5011,-165.4064,35.67,64,0,12.66
361,Fortuna,US,2022-04-22 08:07:30,40.5982,-124.1573,47.08,91,75,8.05
362,Hasaki,JP,2022-04-22 08:07:30,35.7333,140.8333,79.29,74,0,11.79
363,Dzerzhinsk,RU,2022-04-22 08:07:31,56.2389,43.4631,51.62,27,0,6.71
364,Kagadi,UG,2022-04-22 08:07:31,0.9606,30.7967,66.42,96,100,1.05
365,Casas Grandes,MX,2022-04-22 08:08:32,30.3667,-107.95,64.44,22,77,6.78
366,Miles City,US,2022-04-22 08:08:32,46.4083,-105.8406,40.17,81,40,8.05
367,Iberia,US,2022-04-22 08:08:32,29.9502,-91.7507,68.07,88,75,5.75
368,Isangel,VU,2022-04-22 08:08:33,-19.55,169.2667,78.35,74,67,10.58
369,San Jeronimo,PE,2022-04-22 08:08:33,-11.9472,-75.2829,42.53,89,8,0.87
370,Elko,US,2022-04-22 08:08:34,41.0002,-115.5012,33.82,88,100,2.71
371,Ostrovnoy,RU,2022-04-22 08:08:34,68.0531,39.5131,31.69,99,100,10.51
372,Ardesen,TR,2022-04-22 08:08:34,41.1911,40.9875,55.87,82,79,5.01
373,Bilibino,RU,2022-04-22 08:08:35,68.0546,166.4372,16.47,92,65,2.53
374,Kaeo,NZ,2022-04-22 08:08:35,-35.1,173.7833,60.33,79,58,13.71
375,Semirom,IR,2022-04-22 08:08:35,31.4167,51.5667,64.8,27,84,17.69
376,Richards Bay,ZA,2022-04-22 08:08:36,-28.783,32.0377,75.9,60,5,11.34
377,Matara,LK,2022-04-22 08:08:36,5.9485,80.5353,87.89,63,98,9.15
378,Karratha,AU,2022-04-22 08:08:37,-20.7377,116.8463,89.67,25,100,6.29
379,Rocha,UY,2022-04-22 08:08:37,-34.4833,-54.3333,51.91,51,99,3.38
380,Sweetwater,US,2022-04-22 08:08:37,25.7634,-80.3731,75.02,89,100,18.41
381,Galle,LK,2022-04-22 08:08:38,6.0367,80.217,85.6,68,100,7.94
382,Moerai,PF,2022-04-22 08:08:38,-22.4333,-151.3333,76.24,65,89,21.56
383,Tecolutla,MX,2022-04-22 08:08:39,20.4833,-97.0167,74.93,93,76,4.94
384,Harper,LR,2022-04-22 08:08:39,4.375,-7.7169,77.16,89,100,9.31
385,Benguela,AO,2022-04-22 08:05:30,-12.5763,13.4055,80.29,77,71,2.66
386,Namtsy,RU,2022-04-22 08:08:39,62.7161,129.6658,32.52,73,100,1.3
387,Portland,US,2022-04-22 08:06:18,45.5234,-122.6762,47.84,91,20,3.44
388,Tiznit,MA,2022-04-22 08:08:40,29.5833,-9.5,53.06,79,69,5.32
389,Rumonge,BI,2022-04-22 08:08:40,-3.9736,29.4386,76.39,81,68,3.09
390,Prince Rupert,CA,2022-04-22 08:06:30,54.3161,-130.3201,43.32,72,86,2.06
391,Zabol,AF,2022-04-22 08:08:41,32.25,67.25,72.84,13,0,14.97
392,Geraldton,AU,2022-04-22 08:08:41,-28.7667,114.6,86.41,19,0,13.8
393,Sibolga,ID,2022-04-22 08:08:42,1.7427,98.7792,86.34,66,100,5.21
394,Tautira,PF,2022-04-22 08:08:42,-17.7333,-149.15,79.29,76,100,20.49
395,Okitipupa,NG,2022-04-22 08:08:42,6.5047,4.7839,85.14,67,54,2.42
396,Keflavik,IS,2022-04-22 08:08:43,64.0049,-22.5624,45.03,87,75,16.11
397,Abu Kamal,SY,2022-04-22 08:08:43,34.4506,40.9171,76.96,23,57,5.97
398,Xingyi,CN,2022-04-22 08:08:43,24.1877,102.817,73.45,41,51,17.09
399,Maragogi,BR,2022-04-22 08:08:44,-9.0122,-35.2225,74.35,91,100,3.4
400,Port-Cartier,CA,2022-04-22 08:08:44,50.0334,-66.8654,32.76,100,100,4.45
401,Hay River,CA,2022-04-22 08:08:45,60.8156,-115.7999,25.75,96,94,2.3
402,Arrecife,ES,2022-04-22 08:08:45,28.963,-13.5477,60.78,77,20,2.3
403,Clifton,US,2022-04-22 08:08:45,40.8584,-74.1638,53.74,74,0,9.22
404,Ocampo,MX,2022-04-22 08:08:46,21.65,-101.5,55.02,69,6,5.26
405,East Wenatchee Bench,US,2022-04-22 08:08:46,47.4257,-120.2812,44.29,69,0,8.05
406,Kavieng,PG,2022-04-22 08:08:46,-2.5744,150.7967,84.0,73,73,11.59
407,Dembi Dolo,ET,2022-04-22 08:08:47,8.5333,34.8,71.58,59,100,3.6
408,Great Yarmouth,GB,2022-04-22 08:08:47,52.6083,1.7305,55.42,89,100,18.07
409,Huarmey,PE,2022-04-22 08:08:48,-10.0681,-78.1522,66.52,90,89,9.75
410,Saint-Augustin,CA,2022-04-22 08:08:48,51.226,-58.6502,26.28,93,98,4.54
411,San Patricio,US,2022-04-22 08:08:48,28.017,-97.5169,77.09,91,95,16.82
412,Zamora,EC,2022-04-22 08:08:49,-4.0692,-78.9567,66.72,95,100,4.38
413,Pangoa,PE,2022-04-22 08:09:49,-12.1167,-73.0,66.88,99,100,2.44
414,San Jose,US,2022-04-22 08:06:30,37.3394,-121.895,53.74,83,100,3.44
415,Kruisfontein,ZA,2022-04-22 08:09:50,-34.0033,24.7314,65.88,68,100,18.37
416,Tessalit,ML,2022-04-22 08:09:50,20.1986,1.0114,81.86,4,0,8.66
417,La Ronge,CA,2022-04-22 08:09:51,55.1001,-105.2842,22.55,97,15,4.74
418,Port-De-Bouc,FR,2022-04-22 08:09:51,43.4,4.9833,57.58,95,100,3.44
419,Taixing,CN,2022-04-22 08:09:51,32.1667,120.0136,79.45,54,100,3.87
420,Hervey Bay,AU,2022-04-22 08:09:52,-25.2986,152.8535,73.02,69,100,5.99
421,Natal,BR,2022-04-22 08:09:52,-5.795,-35.2094,74.05,100,75,3.44
422,Along,IN,2022-04-22 08:09:53,28.1667,94.7667,86.36,47,45,5.1
423,Port Shepstone,ZA,2022-04-22 08:09:53,-30.7414,30.455,75.49,60,14,7.4
424,Kalmunai,LK,2022-04-22 08:09:19,7.4167,81.8167,87.53,65,91,5.19
425,Nemuro,JP,2022-04-22 08:09:53,43.3236,145.575,41.86,100,100,11.9
426,The Valley,AI,2022-04-22 08:09:54,18.217,-63.0578,77.09,72,68,20.36
427,Cherskiy,RU,2022-04-22 08:09:54,68.75,161.3,25.16,91,100,2.98
428,Gamba,GA,2022-04-22 08:09:55,-2.65,10.0,78.66,87,100,7.7
429,Ballina,AU,2022-04-22 08:09:55,-28.8667,153.5667,65.01,99,100,13.87
430,Kapoeta,SS,2022-04-22 08:09:55,4.7717,33.5903,80.51,61,100,10.56
431,Bozoum,CF,2022-04-22 08:09:56,6.3193,16.3799,80.53,55,85,6.06
432,Kamaishi,JP,2022-04-22 08:09:56,39.2667,141.8833,57.0,82,55,5.59
433,Sinnamary,GF,2022-04-22 08:09:56,5.3833,-52.95,74.16,93,100,5.01
434,Talara,PE,2022-04-22 08:09:57,-4.5772,-81.2719,68.86,82,88,15.26
435,Lebedinyy,RU,2022-04-22 08:09:57,58.5167,125.5167,27.63,55,94,1.9
436,Hami,CN,2022-04-22 08:09:58,42.8,93.45,77.47,8,0,11.03
437,Hermagor,AT,2022-04-22 08:09:58,46.6272,13.3672,51.33,97,100,3.53
438,Yazoo City,US,2022-04-22 08:09:58,32.8551,-90.4056,65.7,96,0,6.96
439,Mahibadhoo,MV,2022-04-22 08:09:59,3.7833,72.9667,84.45,73,100,11.54
440,Sao Joao Do Paraiso,BR,2022-04-22 08:09:59,-15.3136,-42.0144,60.26,95,1,2.71
441,Puerto Quijarro,BO,2022-04-22 08:09:59,-17.7833,-57.7667,71.71,89,98,1.01
442,Margate,GB,2022-04-22 08:10:00,51.3813,1.3862,54.3,77,91,8.01
443,Xiaoweizhai,CN,2022-04-22 08:10:00,26.1903,107.5125,75.0,70,86,7.05
444,Sambava,MG,2022-04-22 08:10:01,-14.2667,50.1667,81.34,77,29,6.98
445,Sendhwa,IN,2022-04-22 08:08:15,21.6833,75.1,101.17,12,3,5.08
446,Elizabeth City,US,2022-04-22 08:10:01,36.2946,-76.2511,59.99,87,75,4.61
447,Padang,ID,2022-04-22 08:10:02,-0.9492,100.3543,89.65,74,48,6.89
448,Saint-Francois,FR,2022-04-22 08:10:02,46.4154,3.9054,47.64,81,0,1.14
449,Murgab,TM,2022-04-22 08:10:03,37.4966,61.9714,80.98,26,3,5.99
450,Damietta,EG,2022-04-22 08:10:03,31.4165,31.8133,65.44,62,100,12.48
451,Betania,CO,2022-04-22 08:10:03,5.746,-75.9777,60.06,98,97,2.08
452,Diego De Almagro,CL,2022-04-22 08:10:04,-26.3667,-70.05,55.49,73,0,1.68
453,Malartic,CA,2022-04-22 08:08:36,48.1335,-78.1328,35.71,93,100,12.08
454,Grand Gaube,MU,2022-04-22 08:10:05,-20.0064,57.6608,83.37,73,90,10.0
455,Acari,PE,2022-04-22 08:10:05,-15.4311,-74.6158,67.82,86,86,1.7
456,Labuhan,ID,2022-04-22 08:10:05,-6.8844,112.2051,86.05,70,100,7.52
457,Caravelas,BR,2022-04-22 08:10:06,-17.7125,-39.2481,69.26,91,0,3.02
458,Santarem,BR,2022-04-22 08:10:06,-2.4431,-54.7083,75.33,100,100,5.75
459,Savannah Bight,HN,2022-04-22 08:10:07,16.45,-85.85,80.1,77,25,14.85
460,Chicama,PE,2022-04-22 08:11:07,-7.8447,-79.1469,63.14,85,90,5.32
461,Itoman,JP,2022-04-22 08:11:08,26.1247,127.6694,82.78,89,75,17.27
462,Novyy Urengoy,RU,2022-04-22 08:11:08,66.0833,76.6333,11.8,86,71,8.37
463,Nuuk,GL,2022-04-22 08:11:08,64.1835,-51.7216,29.01,100,75,5.75
464,Aksarayskiy,RU,2022-04-22 08:11:09,46.7924,48.0119,61.25,52,100,9.84
465,Morgan Hill,US,2022-04-22 08:08:40,37.1305,-121.6544,52.5,88,75,5.75
466,Batagay-Alyta,RU,2022-04-22 08:11:10,67.8006,130.4114,23.63,86,100,5.91
467,Kyaukse,MM,2022-04-22 08:11:10,21.6,96.1333,96.8,41,75,5.75
468,Boyolangu,ID,2022-04-22 08:11:11,-8.1181,111.8935,83.3,79,71,6.4
469,Marsaxlokk,MT,2022-04-22 08:11:11,35.8419,14.5431,65.01,59,0,11.5
470,Sao Joao Da Barra,BR,2022-04-22 08:11:11,-21.6403,-41.0511,70.16,88,52,4.97
471,Ustye,RU,2022-04-22 08:11:12,59.6304,39.736,48.83,71,45,2.26
472,Ca Mau,VN,2022-04-22 08:11:12,9.1769,105.15,92.52,45,41,11.1
473,Nantucket,US,2022-04-22 08:11:13,41.2835,-70.0995,51.91,82,75,13.8
474,Rochefort,FR,2022-04-22 08:08:52,45.9167,-1.0,53.65,90,100,5.64
475,Dong Hoi,VN,2022-04-22 08:11:13,17.4833,106.6,79.59,84,98,8.03
476,Muridke,PK,2022-04-22 08:11:14,31.8025,74.2617,93.22,14,0,6.82
477,Shingu,JP,2022-04-22 08:11:14,33.7333,135.9833,72.16,65,100,2.26
478,Byron Bay,AU,2022-04-22 08:11:15,-28.65,153.6167,64.94,85,100,12.28
479,Malakal,SS,2022-04-22 08:11:15,9.5334,31.6605,91.17,41,100,7.54
480,Port Hawkesbury,CA,2022-04-22 08:11:15,45.6169,-61.3485,40.17,90,100,7.0
481,Estremoz,PT,2022-04-22 08:11:16,38.8443,-7.5859,48.88,91,100,12.8
482,Phangnga,TH,2022-04-22 08:11:16,8.4509,98.5298,89.64,70,71,2.33
483,Wschowa,PL,2022-04-22 08:11:17,51.807,16.3166,51.49,81,100,7.99
484,Esperance,AU,2022-04-22 08:11:17,-33.8667,121.9,64.63,62,61,13.85
485,Tombouctou,ML,2022-04-22 08:11:17,20.0,-3.0,77.52,10,34,8.99
486,Akhmeta,GE,2022-04-22 08:11:18,42.0311,45.2075,61.32,33,13,7.72
487,Sola,VU,2022-04-22 08:11:18,-13.8833,167.55,83.19,68,35,4.29
488,Florianopolis,BR,2022-04-22 08:11:19,-27.6146,-48.5012,68.41,84,0,3.44
489,Nayudupeta,IN,2022-04-22 08:09:09,13.9,79.9,97.68,31,17,17.09
490,Zvishavane,ZW,2022-04-22 08:11:19,-20.3267,30.0665,64.58,86,94,3.94
491,Saint Anthony,US,2022-04-22 08:11:20,45.0205,-93.218,47.82,61,40,16.11
492,Aragarcas,BR,2022-04-22 08:11:20,-15.8975,-52.2508,67.35,64,86,2.08
493,Pereira Barreto,BR,2022-04-22 08:11:20,-20.6383,-51.1092,66.74,61,2,4.99
494,Sandwick,GB,2022-04-22 08:11:21,60.0,-1.25,46.22,87,75,25.32
495,Pacific Grove,US,2022-04-22 08:06:31,36.6177,-121.9166,53.71,88,20,13.0
496,Chernaya Kholunitsa,RU,2022-04-22 08:11:21,58.8511,51.7154,42.22,55,14,2.62
497,Paamiut,GL,2022-04-22 08:11:22,61.994,-49.6678,30.78,98,100,4.97
498,Aleksandrovsk-Sakhalinskiy,RU,2022-04-22 08:11:22,50.8975,142.1561,34.34,99,100,7.58
499,Morden,CA,2022-04-22 08:11:22,49.1919,-98.1014,35.1,98,100,9.44
500,Pleshanovo,RU,2022-04-22 08:11:23,52.8333,53.4833,55.38,51,6,13.38
501,Shelburne,CA,2022-04-22 08:10:56,44.0787,-80.2041,36.12,88,9,12.93
502,Balabac,PH,2022-04-22 08:11:23,7.9868,117.0645,85.44,71,10,10.69
503,Kalianget,ID,2022-04-22 08:11:24,-7.05,113.9333,84.04,77,100,7.67
504,Mount Gambier,AU,2022-04-22 08:12:24,-37.8333,140.7667,54.75,66,38,9.53
505,Saint George,US,2022-04-22 08:12:24,37.1041,-113.5841,66.79,22,0,12.66
506,Caucaia,BR,2022-04-22 08:12:25,-3.7361,-38.6531,76.95,87,75,4.61
507,Gravdal,NO,2022-04-22 08:12:25,68.1214,13.5031,42.69,75,75,11.5
508,Mackenzie,CA,2022-04-22 08:12:26,55.2999,-123.1698,30.11,92,34,0.47
509,Pangody,RU,2022-04-22 08:12:26,65.85,74.4859,12.72,84,100,9.75
510,Male,MV,2022-04-22 08:08:28,4.1748,73.5089,84.42,73,97,9.48
511,Kota Belud,MY,2022-04-22 08:12:27,6.351,116.4305,83.14,83,90,1.74
512,Tuatapere,NZ,2022-04-22 08:12:27,-46.1333,167.6833,49.1,86,100,10.63
513,Rancagua,CL,2022-04-22 08:12:27,-34.1708,-70.7444,50.99,83,100,5.14
514,Rio De Janeiro,BR,2022-04-22 08:10:07,-22.9028,-43.2075,73.0,88,20,4.61
515,Opuwo,NA,2022-04-22 08:12:28,-18.0607,13.84,72.36,38,5,11.05
516,Brigantine,US,2022-04-22 08:12:28,39.4101,-74.3646,52.0,90,0,0.0
517,Xuddur,SO,2022-04-22 08:12:29,4.1213,43.8894,89.26,40,98,8.41
518,Pauini,BR,2022-04-22 08:12:29,-7.7136,-66.9764,69.71,99,100,2.04
519,Ust-Tsilma,RU,2022-04-22 08:12:29,65.441,52.1498,29.62,71,100,4.94
520,Kyabe,TD,2022-04-22 08:12:30,9.4515,18.9449,90.54,42,50,9.64
521,Marsh Harbour,BS,2022-04-22 08:12:31,26.5412,-77.0636,73.44,76,56,23.96
522,Kudahuvadhoo,MV,2022-04-22 08:12:31,2.6708,72.8944,83.79,74,99,11.25
523,Cayenne,GF,2022-04-22 08:12:31,4.9333,-52.3333,73.44,1,100,0.0
524,Tual,ID,2022-04-22 08:12:32,-5.6667,132.75,84.0,74,100,6.8
525,Vanavara,RU,2022-04-22 08:12:32,60.34,102.2797,39.31,46,100,6.85
526,Dickinson,US,2022-04-22 08:12:32,29.4608,-95.0513,75.0,89,100,10.36
527,Calabozo,VE,2022-04-22 08:12:33,8.9242,-67.4293,79.77,64,100,3.87
528,Kununurra,AU,2022-04-22 08:12:33,-15.7667,128.7333,94.98,21,39,9.22
529,Samashki,RU,2022-04-22 08:12:34,43.2906,45.3014,60.12,55,39,8.12
530,Port Augusta,AU,2022-04-22 08:10:55,-32.5,137.7667,67.46,45,100,10.71
531,Flinders,AU,2022-04-22 08:12:34,-34.5833,150.8552,63.37,74,61,4.99
532,San Jorge,AR,2022-04-22 08:12:34,-31.8962,-61.8598,59.25,97,91,3.33
533,Brenham,US,2022-04-22 08:12:35,30.1669,-96.3977,73.31,71,100,9.22
534,Sur,OM,2022-04-22 08:12:35,22.5667,59.5289,91.54,42,0,5.32
535,Bubaque,GW,2022-04-22 08:12:02,11.2833,-15.8333,75.58,77,52,6.26
536,Barguzin,RU,2022-04-22 08:12:36,53.6167,109.6167,42.15,40,94,4.7
537,Pingliang,CN,2022-04-22 08:12:36,35.5392,106.6861,67.19,23,100,6.91
538,Alyangula,AU,2022-04-22 08:12:37,-13.8483,136.4192,85.64,71,11,12.77
539,Pangnirtung,CA,2022-04-22 08:12:37,66.1451,-65.7125,-3.66,96,95,6.64
540,Egvekinot,RU,2022-04-22 08:12:37,66.3167,-179.1667,14.52,98,100,2.57
541,Troitsko-Pechorsk,RU,2022-04-22 08:12:38,62.7084,56.1964,30.4,65,100,4.68
542,Lastoursville,GA,2022-04-22 08:12:38,-0.8143,12.7287,75.85,92,100,1.81
543,Stephenville Crossing,CA,2022-04-22 08:12:39,48.5,-58.4318,32.22,78,100,5.95
544,Takaka,NZ,2022-04-22 08:12:39,-40.85,172.8,55.56,74,0,5.82
545,Chumikan,RU,2022-04-22 08:12:39,54.7183,135.315,31.12,83,35,6.08
546,Huilong,CN,2022-04-22 08:12:40,31.8111,121.655,72.05,68,100,6.42
547,Kerema,PG,2022-04-22 08:12:40,-7.9631,145.7785,81.61,82,100,4.16
548,Sosua,DO,2022-04-22 08:13:41,19.7667,-70.5167,70.23,85,100,8.95
549,Plettenberg Bay,ZA,2022-04-22 08:13:41,-34.0527,23.3716,63.23,80,92,9.66
550,Darhan,MN,2022-04-22 08:13:41,49.4867,105.9228,62.46,20,100,17.0
551,Jinka,ET,2022-04-22 08:13:42,5.65,36.65,73.62,69,100,2.55
552,Panalingaan,PH,2022-04-22 08:13:42,8.7842,117.4231,84.67,74,96,3.04
553,Severo-Yeniseyskiy,RU,2022-04-22 08:13:43,60.3725,93.0408,34.9,96,100,8.57
554,Salinopolis,BR,2022-04-22 08:13:43,-0.6136,-47.3561,76.05,90,92,4.32
555,Srandakan,ID,2022-04-22 08:13:43,-7.9386,110.2506,84.45,73,100,8.1
556,Gamovo,RU,2022-04-22 08:13:44,57.8652,56.1056,40.62,33,0,7.0
557,Seoul,KR,2022-04-22 08:13:44,37.5683,126.9778,61.99,66,75,6.8
558,Weifang,CN,2022-04-22 08:11:27,36.71,119.1019,61.34,41,100,8.48
559,Gisborne,NZ,2022-04-22 08:13:45,-38.6533,178.0042,59.29,87,100,20.38
560,Kontagora,NG,2022-04-22 08:13:45,10.3999,5.4695,84.02,62,7,3.47
561,High Level,CA,2022-04-22 08:10:22,58.5169,-117.136,23.2,98,96,1.63
562,Khymchyn,UA,2022-04-22 08:13:45,48.3864,25.148,53.56,55,53,4.97
563,Sooke,CA,2022-04-22 08:13:46,48.3746,-123.7276,47.57,86,91,3.33
564,Lima,PE,2022-04-22 08:13:46,-12.0432,-77.0282,65.89,82,100,5.75
565,Pilar,BR,2022-04-22 08:13:47,-9.5972,-35.9567,73.33,96,63,2.68
566,Uyemskiy,RU,2022-04-22 08:13:47,64.4743,40.8524,46.45,45,40,6.71
567,Valpacos,PT,2022-04-22 08:13:47,41.6075,-7.3109,45.3,89,100,4.88
568,Oistins,BB,2022-04-22 08:13:48,13.0667,-59.5333,78.89,65,75,17.27
569,San Juan De Abajo,MX,2022-04-22 08:13:48,20.8167,-105.1833,74.68,78,14,3.11
570,Ambon,ID,2022-04-22 08:13:48,-3.6954,128.1814,87.94,70,40,11.5
571,Susanville,US,2022-04-22 08:13:49,40.4163,-120.653,35.82,92,20,1.99
572,Warrnambool,AU,2022-04-22 08:13:49,-38.3833,142.4833,56.8,60,84,12.01
573,Caiaponia,BR,2022-04-22 08:13:50,-16.9567,-51.8103,63.52,67,53,2.57
574,Kostroma,RU,2022-04-22 08:13:50,57.7708,40.9344,52.21,53,14,6.33
